date,branch,start_min,end_min
2025-04-02,B02,151.0,261.0
2025-04-19,B04,110.0,156.0
2025-04-22,B05,119.0,216.0
2025-05-05,B05,186.0,257.0
2025-05-07,B04,81.0,152.0
2025-06-18,B01,46.0,141.0
2025-06-27,B02,198.0,285.0
2025-07-28,B02,228.0,303.0
2025-08-26,B01,46.0,121.0
2025-08-26,B03,188.0,297.0
2025-09-24,B01,218.0,295.0
2025-09-30,B01,153.0,230.0
2025-09-30,B02,123.0,214.0
2025-10-03,B05,235.0,334.0
2025-10-06,B01,101.0,202.0
2025-10-10,B01,69.0,116.0
2025-10-27,B01,76.0,144.0
2025-12-10,B02,174.0,222.0
2025-12-19,B04,85.0,187.0
2025-12-23,B05,88.0,136.0
2026-01-02,B01,181.0,283.0
2026-01-16,B04,73.0,163.0
2026-01-21,B01,98.0,184.0
2026-01-28,B05,119.0,201.0
2026-02-10,B03,149.0,242.0
2026-02-19,B05,37.0,106.0
2026-02-21,B04,92.0,184.0
2026-03-17,B05,72.0,130.0
2026-04-08,B01,122.0,240.0
2026-04-28,B05,181.0,230.0
2026-05-06,B01,65.0,143.0
2026-05-12,B05,50.0,122.0
2026-05-13,B02,72.0,118.0
2026-05-15,B03,185.0,240.0
2026-06-16,B01,178.0,234.0
2026-07-20,B02,184.0,281.0
2026-07-21,B01,90.0,158.0
2026-08-13,B03,141.0,237.0
2026-08-19,B05,114.0,223.0
2026-09-02,B01,226.0,310.0
2026-09-04,B03,58.0,132.0
