branch,date,customers,redirected,base_n,base_served,base_walkouts,base_avg_wait,base_p90_wait,base_overtime,base_sla_breach,staff_n,staff_served,staff_walkouts,staff_avg_wait,staff_p90_wait,staff_overtime,staff_sla_breach,plan_n,plan_served,plan_walkouts,plan_avg_wait,plan_p90_wait,plan_overtime,plan_sla_breach,plan_walkouts_total
B01,2026-09-01,536,109,536,423,113,15.027598442133657,31.732050708256658,9.380732058647027,0.42789598108747046,536,426,110,15.641422447689054,33.032176643094694,9.380732058647027,0.44366197183098594,427,369,58,10.806580964192163,27.69728622995442,9.380732058647027,0.27100271002710025,58
B01,2026-09-02,413,49,413,393,20,7.0291238284087925,19.087736799497684,20.265227302873143,0.19338422391857507,413,395,18,7.133213062131619,18.921493715904923,20.265227302873143,0.21012658227848102,364,349,15,6.710168066150904,18.890589933983815,20.265227302873143,0.22063037249283668,15
B01,2026-09-03,348,38,348,344,4,3.7760058925732904,10.059661740427483,3.180630856495668,0.02616279069767442,348,342,6,3.6340821839630175,10.077641415398467,3.180630856495668,0.02631578947368421,310,305,5,2.9614161605906815,8.840552130198521,1.7333335849171476,0.02622950819672131,5
B01,2026-09-04,259,21,259,256,3,1.6717195885578282,4.765950575520703,6.944072472380185,0.0234375,259,257,2,1.5591463688547036,4.212055521550496,6.944072472380185,0.023346303501945526,238,236,2,1.4561090267852106,4.103622283766784,6.944072472380185,0.025423728813559324,2
B01,2026-09-05,298,24,298,285,13,3.8363806932660705,12.917343308901534,32.11352345401792,0.06666666666666667,298,287,11,3.298776852857846,11.364587996660955,32.11352345401792,0.06620209059233449,274,264,10,3.0608764627058713,10.415014940975045,32.11352345401792,0.06060606060606061,10
B01,2026-09-07,457,64,457,403,54,8.349500002011977,19.22359058525242,0.0,0.15384615384615385,457,405,52,8.344852814946377,20.18388212401974,0.0,0.16296296296296298,393,369,24,6.199288826633848,17.605542976331442,0.0,0.13008130081300814,24
B01,2026-09-08,256,22,256,246,10,2.114484299095229,8.994097255395147,25.209069226421775,0.024390243902439025,256,246,10,1.3366506730558183,3.388030576155586,25.209069226421775,0.024390243902439025,234,224,10,1.3557798735314515,3.273218386039005,25.209069226421775,0.026785714285714284,10
B01,2026-09-09,264,15,264,259,5,2.972156630223318,11.03435020255491,0.0,0.03861003861003861,264,259,5,2.6263876450724126,10.288632806375182,0.0,0.03088803088803089,249,244,5,2.721031750097016,10.60971077304967,0.0,0.03278688524590164,5
B01,2026-09-10,296,25,296,290,6,2.7385435983885316,8.585060135516821,9.602275273898897,0.034482758620689655,296,293,3,2.3270437852458743,6.804438224347499,9.602275273898897,0.010238907849829351,271,269,2,2.0096808986186994,6.723845822793474,7.323791659089068,0.011152416356877323,2
B01,2026-09-11,374,53,374,343,31,8.38766323317763,19.14210605449339,15.090516606023414,0.1836734693877551,374,345,29,8.068067396810292,17.220706749611672,13.67612880727603,0.1681159420289855,321,298,23,6.574772724678532,16.81971937431107,12.108844214334226,0.11409395973154363,23
B01,2026-09-15,343,47,343,338,5,3.2757502026354923,8.140749691742847,52.063505753208915,0.014792899408284023,343,339,4,3.1358639894080294,8.12962003599312,52.063505753208915,0.014749262536873156,296,294,2,2.347317239338643,6.789563333344724,52.063505753208915,0.017006802721088437,2
B01,2026-09-16,246,28,246,243,3,2.2314258645361393,8.069768757591184,10.255255994413858,0.0411522633744856,246,244,2,1.4650024058904176,5.475299744858292,11.486576725925204,0.004098360655737705,218,216,2,1.53651341952125,5.78137587778636,11.486576725925204,0.004629629629629629,2
B01,2026-09-17,218,27,218,216,2,2.2133523922998624,7.419797361721893,18.93330578650739,0.037037037037037035,218,217,1,2.0554557973629475,6.375406944091115,18.93330578650739,0.03225806451612903,191,190,1,1.5890891661513202,4.986977210610842,18.93330578650739,0.015789473684210527,1
B01,2026-09-18,256,25,256,247,9,2.199352409925813,6.752315650357288,1.5011810294043926,0.03643724696356275,256,248,8,2.1983580860309453,6.884992944558182,2.056654928964292,0.036290322580645164,231,223,8,2.1374825565063045,6.6652553814375,2.056654928964292,0.03587443946188341,8
B01,2026-09-19,316,26,316,310,6,3.753274802207465,11.548586843643077,5.413100408858554,0.06129032258064516,316,312,4,3.2752075945124974,9.32263990593158,5.413100408858554,0.04487179487179487,290,286,4,2.952097026858275,9.027759249440038,7.292312494310863,0.027972027972027972,4
B01,2026-09-21,342,49,342,317,25,5.847755656886351,12.707072833199854,18.362963768699785,0.07886435331230283,342,317,25,5.847755656886351,12.707072833199854,18.362963768699785,0.07886435331230283,293,276,17,4.953551504679198,11.9684496814142,18.362963768699785,0.08333333333333333,17
B01,2026-09-22,260,38,260,248,12,3.961618403535053,15.147003549866398,14.073245509527965,0.10483870967741936,260,248,12,3.961618403535053,15.147003549866398,14.073245509527965,0.10483870967741936,222,218,4,2.0575196702006813,7.691814539514642,14.073245509527965,0.0,4
B01,2026-09-23,255,17,255,251,4,1.2491530501794743,3.2950086030881494,14.655255172095565,0.03187250996015936,255,252,3,1.0815817130118879,2.211734999615201,14.655255172095565,0.031746031746031744,238,235,3,1.1413395446213952,2.1710208234985817,14.655255172095565,0.03404255319148936,3
B01,2026-09-24,230,18,230,229,1,1.4247889971476249,4.803868098047459,0.0,0.013100436681222707,230,229,1,1.4251097636443693,4.803868098047459,0.0,0.013100436681222707,212,212,0,1.3920141390725396,4.752919697589373,0.0,0.014150943396226415,0
B01,2026-09-25,352,61,352,341,11,4.4379093479900735,11.764575843865657,36.768116873134204,0.08211143695014662,352,342,10,4.196486152672361,11.894343508062265,36.768116873134204,0.0847953216374269,291,286,5,3.740108271101756,10.253556990364377,36.768116873134204,0.04895104895104895,5
B01,2026-09-28,395,55,395,369,26,7.300492930902236,17.897445868766493,6.798847843391229,0.15989159891598917,395,371,24,7.121618828167279,17.378567439669865,6.798847843391229,0.15633423180592992,340,328,12,4.533126429714544,12.763405952544945,6.798847843391229,0.0701219512195122,12
B01,2026-09-29,273,37,273,263,10,5.420535139489638,15.25599687377325,7.553122613964547,0.11026615969581749,273,263,10,5.420535139489638,15.25599687377325,7.553122613964547,0.11026615969581749,236,233,3,3.6205766715127043,9.606610245275657,7.553122613964547,0.060085836909871244,3
B01,2026-09-30,262,28,262,261,1,1.273016200099456,4.064417698661828,42.597098287672566,0.007662835249042145,262,261,1,1.3374805780581343,4.6498912023810135,42.597098287672566,0.007662835249042145,234,232,2,1.24416042727196,4.431470005444011,42.597098287672566,0.008620689655172414,2
B02,2026-09-01,257,17,257,248,9,3.731023426773878,9.99339762159948,5.172732614883898,0.04032258064516129,257,246,11,3.8514987934496894,9.910859889405149,5.172732614883898,0.044715447154471545,240,231,9,3.7881238351101305,9.824565324595213,5.172732614883898,0.04329004329004329,9
B02,2026-09-02,220,19,220,217,3,2.226366656294329,7.598333033191526,14.327432073219882,0.009216589861751152,220,215,5,2.061042887238104,7.0081210018001165,14.327432073219882,0.004651162790697674,201,196,5,1.9370902236824536,6.642565965332937,14.327432073219882,0.00510204081632653,5
B02,2026-09-03,233,20,233,200,33,9.260909637757786,20.51827056976652,2.8016491666875822,0.22,233,200,33,9.260909637757786,20.51827056976652,2.8016491666875822,0.22,213,185,28,8.70052681327748,18.253174325551356,2.8016491666875822,0.16756756756756758,28
B02,2026-09-04,197,20,197,183,14,6.678850957872221,18.181779699344442,16.969335790161097,0.14207650273224043,197,183,14,5.9544324889646605,17.195777588185383,16.969335790161097,0.13114754098360656,177,165,12,6.356900168206086,17.914461038823404,16.969335790161097,0.13333333333333333,12
B02,2026-09-05,279,15,279,266,13,5.304233637767759,15.108884440387278,4.804464550584953,0.10526315789473684,279,266,13,4.605999963448028,12.75806057445364,3.7472825020159917,0.07894736842105263,264,254,10,4.508377540344844,12.725432810008707,3.7472825020159917,0.08267716535433071,10
B02,2026-09-07,265,15,265,253,12,5.176718920586322,14.110479457928832,9.747290943062467,0.07905138339920949,265,253,12,5.321045360450062,14.971603125915612,9.747290943062467,0.09881422924901186,250,242,8,5.3674727027141005,15.171116491063474,9.747290943062467,0.10330578512396695,8
B02,2026-09-08,212,7,212,206,6,2.8558094187732745,9.32414401071133,21.24710342887232,0.05825242718446602,212,206,6,3.387718974518739,9.326010241460704,24.796784122738984,0.06796116504854369,205,199,6,3.4477665584220967,10.208914421275692,24.796784122738984,0.07035175879396985,6
B02,2026-09-09,217,12,217,212,5,3.83474493031533,10.560509644420796,4.666073219792338,0.07547169811320754,217,212,5,3.3164613862025174,9.635168392351734,4.666073219792338,0.05660377358490566,205,200,5,3.3994846194547073,9.939768589751571,4.666073219792338,0.06,5
B02,2026-09-10,213,17,213,210,3,2.69458678452438,9.06382557891423,0.016347853852835215,0.02857142857142857,213,209,4,2.761650715913733,9.300154902403678,0.016347853852835215,0.028708133971291867,196,192,4,2.532896954030813,8.102692453371795,0.016347853852835215,0.03125,4
B02,2026-09-11,305,22,305,278,27,7.604520442848682,18.77550871378763,35.25216568031658,0.1906474820143885,305,278,27,7.936823141313422,18.931009410500828,35.25216568031658,0.19424460431654678,283,259,24,8.045052810645187,18.91344190621245,35.25216568031658,0.20463320463320464,24
B02,2026-09-15,258,31,258,209,49,11.390279592527603,26.90692342656555,28.762014775032128,0.3875598086124402,258,225,33,10.184917818170316,23.829741488850328,32.74803968782777,0.27555555555555555,227,208,19,8.237975839769218,20.043591525459707,20.057619309604377,0.21634615384615385,19
B02,2026-09-16,168,11,168,155,13,4.773234410712572,12.773051919379633,5.994419371450249,0.09032258064516129,168,155,13,4.773234410712572,12.773051919379633,5.994419371450249,0.09032258064516129,157,147,10,3.7852089645608764,10.955890439018294,5.994419371450249,0.047619047619047616,10
B02,2026-09-17,152,9,152,152,0,0.5788243575602889,1.4308302891473121,1.4786382017604751,0.006578947368421052,152,152,0,0.5788243575602889,1.4308302891473121,1.4786382017604751,0.006578947368421052,143,143,0,0.5409068475728863,1.1753305101048703,1.4786382017604751,0.006993006993006993,0
B02,2026-09-18,206,22,206,199,7,2.9184209990018495,11.281266633573702,6.0310572416982495,0.035175879396984924,206,200,6,3.2640311235066224,11.722714180577706,5.589230344887142,0.055,184,179,5,2.8280270783794412,9.153005842402308,5.589230344887142,0.0446927374301676,5
B02,2026-09-19,237,15,237,226,11,4.699122319438154,16.82831814471158,4.427286154538592,0.14601769911504425,237,227,10,4.9018712608128725,16.386995511007456,4.427286154538592,0.14096916299559473,222,213,9,5.003033467489714,17.084826326995113,4.427286154538592,0.14553990610328638,9
B02,2026-09-21,268,12,268,253,15,5.070557323810698,13.363703622278827,1.775804527300238,0.09090909090909091,268,257,11,5.071062309973531,13.572830024802137,1.775804527300238,0.08560311284046693,256,247,9,5.032137646104539,13.804785806047121,1.563912608143255,0.08906882591093117,9
B02,2026-09-22,197,10,197,193,4,2.4480085164647845,6.83557937736593,29.118634097790334,0.03626943005181347,197,193,4,2.4480085164647845,6.83557937736593,29.118634097790334,0.03626943005181347,187,184,3,2.4923859922614544,6.37733096433616,29.118634097790334,0.03804347826086957,3
B02,2026-09-23,257,10,257,215,42,11.500268333252512,29.79690818506346,15.365219370863883,0.35348837209302325,257,217,40,11.29491285470859,30.265465772417407,13.07098420323507,0.35944700460829493,247,211,36,10.680784778444343,26.782704329127938,13.07098420323507,0.3412322274881517,36
B02,2026-09-24,223,9,223,217,6,2.5734046095527656,9.041011729695771,0.8251342767007941,0.027649769585253458,223,217,6,2.5734046095527656,9.041011729695771,0.8251342767007941,0.027649769585253458,214,208,6,2.536172312052857,9.184640087282466,0.8251342767007941,0.028846153846153848,6
B02,2026-09-25,244,26,244,207,37,8.229446363090043,28.23891368790949,38.284278262578766,0.23671497584541062,244,227,17,5.520046021789676,18.79144477936418,13.125247281318082,0.13656387665198239,218,210,8,4.576488422075628,14.767476747938552,13.125247281318082,0.09523809523809523,8
B02,2026-09-28,282,18,282,261,21,6.885601474106379,19.22514316795595,18.416809059416153,0.18773946360153257,282,260,22,6.899284527148935,19.715146206287685,18.416809059416153,0.17692307692307693,264,246,18,6.53730291247535,20.073327703393236,17.243413234382956,0.15853658536585366,18
B02,2026-09-29,203,12,203,199,4,3.3999653786110184,11.33957861257411,7.848160805112627,0.05025125628140704,203,198,5,3.1042973135316663,11.344745723121719,7.848160805112627,0.050505050505050504,191,186,5,3.1475976048981273,11.49684596919576,7.848160805112627,0.053763440860215055,5
B02,2026-09-30,134,12,134,131,3,2.6479461028989437,10.94181916799073,7.983356819046037,0.06870229007633588,134,131,3,2.6479461028989437,10.94181916799073,7.983356819046037,0.06870229007633588,122,119,3,2.515199561631806,10.105594632288037,7.495361224562828,0.05042016806722689,3
B03,2026-09-01,372,72,372,261,111,23.308928355905646,37.64049231928908,5.160689658355352,0.7854406130268199,372,261,111,23.256553353419587,37.79847016422805,5.160689658355352,0.7854406130268199,300,229,71,18.51152652249619,33.23489628855335,4.916939376791731,0.6157205240174672,71
B03,2026-09-02,309,69,309,234,75,17.684842372718887,34.817476115908775,56.97129863784647,0.5897435897435898,309,234,75,17.684842372718887,34.817476115908775,56.97129863784647,0.5897435897435898,240,206,34,14.88573398510869,31.85214302591646,56.97129863784647,0.46601941747572817,34
B03,2026-09-03,317,27,317,304,13,6.730669922211919,14.64336344879377,4.790905409289451,0.09210526315789473,317,304,13,6.386580141842837,13.747318130970754,4.790905409289451,0.06578947368421052,290,281,9,5.002792656954997,13.778930605298825,4.790905409289451,0.07473309608540925,9
B03,2026-09-04,246,20,246,242,4,3.006197492553124,9.817112298250946,49.68886565988748,0.02066115702479339,246,243,3,2.627852277969764,8.862535841747782,49.68886565988748,0.0205761316872428,226,222,4,2.6305591488354256,9.33505124756085,49.68886565988748,0.02702702702702703,4
B03,2026-09-05,280,33,280,234,46,13.158229649523362,26.75881203355472,7.072871072177918,0.44017094017094016,280,234,46,13.158229649523362,26.75881203355472,7.072871072177918,0.44017094017094016,247,214,33,10.26178158124011,22.49949095903023,7.072871072177918,0.2850467289719626,33
B03,2026-09-07,334,30,334,304,30,8.814698300348416,24.77312087019624,10.033091910319854,0.18421052631578946,334,305,29,8.334671658394818,20.96277169813798,8.059952000716748,0.17049180327868851,304,287,17,7.37421512349689,18.57012270604504,8.059952000716748,0.14634146341463414,17
B03,2026-09-08,256,21,256,245,11,3.506041296800272,9.123885519200392,9.285464855527835,0.036734693877551024,256,245,11,3.2359343387189026,8.041751030487438,9.285464855527835,0.036734693877551024,235,223,12,3.194512833241412,7.962145173513877,9.285464855527835,0.04035874439461883,12
B03,2026-09-09,243,20,243,240,3,2.9442820341084786,9.014622080968252,10.333214395740754,0.03333333333333333,243,240,3,2.5876993832021147,7.33730050624498,10.333214395740754,0.03333333333333333,223,221,2,2.216684207618785,4.8841453563850905,10.333214395740754,0.03619909502262444,2
B03,2026-09-10,254,19,254,251,3,2.113124440169127,7.011277877594182,14.664192856539955,0.01195219123505976,254,252,2,1.7686044662327822,5.991902167289115,14.664192856539955,0.011904761904761904,235,233,2,1.8618839139028454,6.323926635730171,14.664192856539955,0.012875536480686695,2
B03,2026-09-11,282,49,282,273,9,4.441505209578684,13.358175187306694,3.2673742720326686,0.08791208791208792,282,273,9,3.820896247014797,11.187293150645294,3.6506727424398377,0.040293040293040296,233,229,4,2.987213463314639,8.560526428861863,2.6145032797965655,0.017467248908296942,4
B03,2026-09-15,323,35,323,290,33,8.676356270821614,20.109661423700487,14.59053865536498,0.19310344827586207,323,292,31,8.3269449200934,19.921113943052386,14.59053865536498,0.1917808219178082,288,266,22,7.298444683520835,15.852014241458185,14.59053865536498,0.10902255639097744,22
B03,2026-09-16,249,21,249,243,6,2.725815983744617,8.476367810453043,3.1853959041649773,0.0411522633744856,249,243,6,2.725815983744617,8.476367810453043,3.1853959041649773,0.0411522633744856,228,222,6,2.4705788474802555,7.622486885317754,3.8282208618518325,0.036036036036036036,6
B03,2026-09-17,289,26,289,269,20,5.181297850012737,17.43249613521867,37.31803734681341,0.13382899628252787,289,269,20,5.181297850012737,17.43249613521867,37.31803734681341,0.13382899628252787,263,252,11,4.917024286509377,16.998617592488714,37.31803734681341,0.14285714285714285,11
B03,2026-09-18,191,26,191,188,3,2.1401364568460544,5.448515611175865,5.039933941118193,0.026595744680851064,191,188,3,1.9371632137147805,5.34582633890943,5.039933941118193,0.026595744680851064,165,162,3,1.9011148446793817,5.151839894887119,5.039933941118193,0.030864197530864196,3
B03,2026-09-19,217,19,217,213,4,2.4591658466327857,7.096789413029092,9.275829928367614,0.023474178403755867,217,214,3,2.0074253902781014,5.193396552442802,9.275829928367614,0.018691588785046728,198,195,3,1.8186765777757492,5.0415889465790045,9.275829928367614,0.020512820512820513,3
B03,2026-09-21,282,27,282,260,22,8.207002194883495,22.084243469202146,37.69521839718152,0.2076923076923077,282,259,23,7.982254106865637,21.306099238011786,37.69521839718152,0.20463320463320464,255,237,18,6.8560406254822714,18.375834787938587,37.69521839718152,0.17721518987341772,18
B03,2026-09-22,228,22,228,201,27,7.306075702568553,18.85515253012946,4.627040935136733,0.1791044776119403,228,201,27,7.306075702568553,18.85515253012946,4.627040935136733,0.1791044776119403,206,188,18,6.642341342446664,16.983532334000184,4.627040935136733,0.14361702127659576,18
B03,2026-09-23,210,33,210,205,5,1.9347836082389371,5.320910784071498,5.0943169976900435,0.03414634146341464,210,205,5,1.7974652288478097,4.272840901752612,5.0943169976900435,0.024390243902439025,177,174,3,1.6524568657463872,4.155393559935908,5.0943169976900435,0.028735632183908046,3
B03,2026-09-24,257,28,257,251,6,3.950404346041509,11.737926047310346,23.92416344952784,0.06374501992031872,257,251,6,3.76215385715043,12.003421339294704,28.618358402645526,0.06772908366533864,229,226,3,3.0271616501534306,8.730869870358152,21.391617172325255,0.03982300884955752,3
B03,2026-09-25,310,28,310,296,14,4.363553503613536,9.562602545350718,5.955503164550578,0.060810810810810814,310,297,13,4.712283845439246,13.556901670344127,5.955503164550578,0.08417508417508418,282,271,11,4.693660966309488,13.79586170974455,7.184589795941804,0.08856088560885608,11
B03,2026-09-28,321,57,321,268,53,13.14468926444779,30.587493575443087,22.995183826723633,0.3917910447761194,321,289,32,6.696068947022447,16.910234401350518,22.995183826723633,0.11764705882352941,264,236,28,5.651309870610466,18.791483996991268,29.870191330868636,0.1483050847457627,28
B03,2026-09-29,271,30,271,245,26,7.065646692743926,19.255450574896507,28.54701391024298,0.15510204081632653,271,255,16,5.558625128367286,16.932108982146783,28.54701391024298,0.12941176470588237,241,226,15,5.714172970053519,17.921164754844895,28.54701391024298,0.13274336283185842,15
B03,2026-09-30,192,15,192,184,8,4.854424257104995,13.997938932638013,16.560897863843138,0.08152173913043478,192,184,8,4.854424257104995,13.997938932638013,16.560897863843138,0.08152173913043478,177,172,5,4.587425807013882,13.076860626688996,16.560897863843138,0.0755813953488372,5
B04,2026-09-01,299,59,299,201,98,22.359615704114486,38.78772325970044,42.095831995353194,0.6965174129353234,299,204,95,15.469876238288496,40.88858230879114,42.095831995353194,0.3088235294117647,240,172,68,13.734182777280926,36.43991580837607,42.095831995353194,0.313953488372093,68
B04,2026-09-02,203,36,203,185,18,8.489049518561844,19.62402908944741,1.555448629865566,0.1891891891891892,203,185,18,8.489049518561844,19.62402908944741,1.555448629865566,0.1891891891891892,167,158,9,5.6505147298879965,14.803064039410977,1.555448629865566,0.10126582278481013,9
B04,2026-09-03,193,40,193,184,9,3.365271467247015,10.167875381784263,2.4435889961370663,0.05434782608695652,193,184,9,3.365271467247015,10.167875381784263,2.4435889961370663,0.05434782608695652,153,147,6,2.946478840825473,9.989478107665889,2.4435889961370663,0.047619047619047616,6
B04,2026-09-04,176,11,176,163,13,4.666264270497396,13.811332984723984,3.2710454710804697,0.06134969325153374,176,163,13,4.666264270497396,13.811332984723984,3.2710454710804697,0.06134969325153374,165,152,13,4.498237219464582,13.674443927684704,3.2710454710804697,0.05921052631578947,13
B04,2026-09-05,202,30,202,168,34,10.025973105039498,26.42120910545254,27.53541595438213,0.2857142857142857,202,168,34,10.025973105039498,26.42120910545254,27.53541595438213,0.2857142857142857,172,144,28,10.958541882615684,27.01114225005628,34.00732544067381,0.3611111111111111,28
B04,2026-09-07,267,46,267,242,25,11.181374898919273,24.257936682174392,11.068509896041633,0.2644628099173554,267,242,25,11.181374898919273,24.257936682174392,11.068509896041633,0.2644628099173554,221,204,17,9.655897740219109,25.640865573268652,11.068509896041633,0.22058823529411764,17
B04,2026-09-08,199,38,199,192,7,5.271026277554164,17.603933543781277,0.0,0.13541666666666666,199,192,7,5.271026277554164,17.603933543781277,0.0,0.13541666666666666,161,160,1,3.8361388283767943,13.812452771228106,0.0,0.09375,1
B04,2026-09-09,168,17,168,163,5,2.9021096481549242,9.62062712476086,6.166049977945704,0.012269938650306749,168,163,5,2.9021096481549242,9.62062712476086,6.166049977945704,0.012269938650306749,151,146,5,3.0664786578234935,9.910541241797937,6.166049977945704,0.0136986301369863,5
B04,2026-09-10,215,19,215,201,14,7.116464810187061,17.395497537742955,1.3156418541419725,0.14427860696517414,215,201,14,7.116464810187061,17.395497537742955,1.3156418541419725,0.14427860696517414,196,184,12,6.639918948528947,17.51226448408641,1.3156418541419725,0.14130434782608695,12
B04,2026-09-11,245,50,245,229,16,6.845880276812772,18.654340544978307,13.75320664631721,0.17467248908296942,245,229,16,6.845880276812772,18.654340544978307,13.75320664631721,0.17467248908296942,195,189,6,5.567463656009581,15.365180434442184,9.14246136019392,0.10582010582010581,6
B04,2026-09-15,227,28,227,181,46,13.280458891737364,26.063183021863267,28.011685722831317,0.4198895027624309,227,173,54,14.530793765420404,36.00799576844022,28.011685722831317,0.37572254335260113,199,155,44,12.490016470871259,29.926149398051116,28.011685722831317,0.36129032258064514,44
B04,2026-09-16,168,20,168,161,7,4.100168808498472,14.877360945134313,13.027128468890567,0.09937888198757763,168,161,7,4.100168808498472,14.877360945134313,13.027128468890567,0.09937888198757763,148,141,7,4.1288416294378,13.934399650581526,13.027128468890567,0.09219858156028368,7
B04,2026-09-17,156,16,156,153,3,2.539515398748771,8.184476295842694,15.822477067132127,0.0457516339869281,156,153,3,2.539515398748771,8.184476295842694,15.822477067132127,0.0457516339869281,140,137,3,2.4394954807684335,7.94538059339855,15.822477067132127,0.051094890510948905,3
B04,2026-09-18,181,20,181,177,4,3.88311285351651,9.723068291871392,8.539572101371789,0.04519774011299435,181,177,4,3.88311285351651,9.723068291871392,8.539572101371789,0.04519774011299435,161,157,4,3.5860113301650927,9.723068291871392,8.539572101371789,0.050955414012738856,4
B04,2026-09-19,180,19,180,171,9,3.4084240855646395,8.515953938968943,0.0,0.023391812865497075,180,171,9,3.4084240855646395,8.515953938968943,0.0,0.023391812865497075,161,152,9,3.557727579991681,9.751637598299347,0.0,0.02631578947368421,9
B04,2026-09-21,295,31,295,236,59,14.83798141376098,33.415405096824934,33.12929930853409,0.4322033898305085,295,236,59,14.83798141376098,33.415405096824934,33.12929930853409,0.4322033898305085,264,217,47,14.141234154809547,33.2886236442073,33.12929930853409,0.3870967741935484,47
B04,2026-09-22,215,21,215,176,39,7.079303890937982,25.03238102946692,5.014160064073906,0.16477272727272727,215,176,39,7.079303890937982,25.03238102946692,5.014160064073906,0.16477272727272727,194,158,36,6.709780193664106,23.580057564224806,5.014160064073906,0.17088607594936708,36
B04,2026-09-23,175,17,175,168,7,3.9635324417930984,12.596801999294687,4.160041286635646,0.07142857142857142,175,168,7,3.9635324417930984,12.596801999294687,4.160041286635646,0.07142857142857142,158,151,7,4.195699797226401,13.70716187563944,4.160041286635646,0.07947019867549669,7
B04,2026-09-24,192,19,192,181,11,5.141854309560538,11.575612623496738,2.5882354062069908,0.06077348066298342,192,181,11,5.141854309560538,11.575612623496738,2.5882354062069908,0.06077348066298342,173,164,9,5.07013561963289,11.918370826064795,2.5882354062069908,0.06707317073170732,9
B04,2026-09-25,214,39,214,200,14,5.824593761770341,17.97392757240145,3.4774744252278538,0.12,214,200,14,5.835683039706837,19.94625136851427,3.4774744252278538,0.13,175,165,10,5.446195817433018,16.815775781930597,1.6364121794314315,0.12727272727272726,10
B04,2026-09-28,235,32,235,203,32,10.037551030054999,23.185898434442482,15.612425411198728,0.28078817733990147,235,200,35,10.679542892896036,23.210130195453214,15.612425411198728,0.33,203,178,25,9.502006045523405,21.170721392217786,36.36442849920138,0.24157303370786518,25
B04,2026-09-29,190,17,190,177,13,4.388480247942894,13.196691972785535,38.67902700275715,0.0903954802259887,190,177,13,4.388480247942894,13.196691972785535,38.67902700275715,0.0903954802259887,173,165,8,4.444247567119182,13.841864115089843,38.67902700275715,0.09090909090909091,8
B04,2026-09-30,160,12,160,147,13,7.591564940184179,16.342884369787306,2.8231867652391998,0.1360544217687075,160,147,13,7.591564940184179,16.342884369787306,2.8231867652391998,0.1360544217687075,148,138,10,7.057087080007053,15.068273798346317,2.8231867652391998,0.10144927536231885,10
B05,2026-09-01,174,14,174,167,7,6.299979737812495,16.84714795588871,1.0857452454183658,0.12574850299401197,174,167,7,6.299979737812495,16.84714795588871,1.0857452454183658,0.12574850299401197,160,153,7,6.087639754480071,16.895521912589345,1.0857452454183658,0.11764705882352941,7
B05,2026-09-02,142,15,142,139,3,4.00706663971445,10.91222823537969,4.5828613206704745,0.05755395683453238,142,139,3,4.00706663971445,10.91222823537969,4.5828613206704745,0.05755395683453238,127,125,2,3.5489278338457098,10.76741148861511,4.5828613206704745,0.048,2
B05,2026-09-03,94,9,94,93,1,1.9617571563054954,7.246792962928861,1.7065329653328831,0.0,94,93,1,1.9617571563054954,7.246792962928861,1.7065329653328831,0.0,85,84,1,1.5340157990646288,5.551195997932427,0.0,0.0,1
B05,2026-09-04,121,10,121,115,6,7.962270795304577,23.390466803904026,30.904178447519485,0.19130434782608696,121,115,6,7.962270795304577,23.390466803904026,30.904178447519485,0.19130434782608696,111,105,6,7.727486367754573,21.93528472317456,30.904178447519485,0.18095238095238095,6
B05,2026-09-05,115,11,115,114,1,3.12798533709142,8.366645677993354,14.103155663617201,0.05263157894736842,115,114,1,3.12798533709142,8.366645677993354,14.103155663617201,0.05263157894736842,104,103,1,2.9228246631662413,7.335822151135202,14.103155663617201,0.05825242718446602,1
B05,2026-09-07,158,13,158,142,16,7.26711480833686,19.11725411102048,14.39120756223656,0.14788732394366197,158,142,16,7.26711480833686,19.11725411102048,14.39120756223656,0.14788732394366197,145,133,12,6.697149878293427,14.935711264194298,14.39120756223656,0.10526315789473684,12
B05,2026-09-08,130,25,130,114,16,12.189809637297017,37.5995992278007,11.83868347599531,0.30701754385964913,130,114,16,12.189809637297017,37.5995992278007,11.83868347599531,0.30701754385964913,105,98,7,10.170666912617952,30.206554679964324,11.83868347599531,0.3163265306122449,7
B05,2026-09-09,93,9,93,88,5,4.5035783160011205,15.857364030875608,0.0,0.11363636363636363,93,88,5,4.5035783160011205,15.857364030875608,0.0,0.11363636363636363,84,80,4,4.422750525665695,15.267607056338422,0.0,0.1125,4
B05,2026-09-10,123,8,123,113,10,4.8815338738234475,16.34336319843937,9.270383366323927,0.11504424778761062,123,113,10,4.8815338738234475,16.34336319843937,9.270383366323927,0.11504424778761062,115,106,9,4.564035233192979,15.427740200001828,9.270383366323927,0.10377358490566038,9
B05,2026-09-11,191,12,191,178,13,6.491355584881204,18.414036995203915,33.12610850356185,0.16292134831460675,191,178,13,6.491355584881204,18.414036995203915,33.12610850356185,0.16292134831460675,179,168,11,6.573250248840414,18.679665295378335,33.12610850356185,0.17261904761904762,11
B05,2026-09-15,122,9,122,117,5,4.699374341604526,13.688400324243577,0.0,0.07692307692307693,122,117,5,4.699374341604526,13.688400324243577,0.0,0.07692307692307693,113,109,4,3.6880895678204135,10.665777847545852,0.0,0.03669724770642202,4
B05,2026-09-16,86,6,86,86,0,2.401057101192907,9.927370673422267,9.510831019904913,0.03488372093023256,86,86,0,2.401057101192907,9.927370673422267,9.510831019904913,0.03488372093023256,80,80,0,2.1889395695066605,9.835869675266485,9.510831019904913,0.0375,0
B05,2026-09-17,145,12,145,132,13,8.247722766248755,26.227803256876584,6.351226536465333,0.19696969696969696,145,132,13,8.247722766248755,26.227803256876584,6.351226536465333,0.19696969696969696,133,124,9,6.426349952402277,19.598147725279393,6.351226536465333,0.1532258064516129,9
B05,2026-09-18,114,13,114,110,4,4.819358234389961,18.624514189013837,0.6758713877991909,0.11818181818181818,114,110,4,4.819358234389961,18.624514189013837,0.6758713877991909,0.11818181818181818,101,96,5,4.416060730784785,15.965848024728928,0.6758713877991909,0.10416666666666667,5
B05,2026-09-19,121,17,121,117,4,6.487308832488959,14.68017005443769,8.60817985700777,0.10256410256410256,121,117,4,6.487308832488959,14.68017005443769,8.60817985700777,0.10256410256410256,104,102,2,3.876594877891185,11.287338122633262,8.60817985700777,0.058823529411764705,2
B05,2026-09-21,139,13,139,119,20,7.9996693475873935,22.906324848511204,0.0,0.24369747899159663,139,119,20,7.9996693475873935,22.906324848511204,0.0,0.24369747899159663,126,109,17,7.3347907439489575,23.066940773481345,0.0,0.2018348623853211,17
B05,2026-09-22,99,8,99,94,5,3.80667173436515,11.887432650544884,0.0,0.0425531914893617,99,94,5,3.80667173436515,11.887432650544884,0.0,0.0425531914893617,91,86,5,3.314975760522735,9.108809766894169,0.0,0.046511627906976744,5
B05,2026-09-23,81,9,81,80,1,0.7612271422837731,2.9867450089830054,0.0,0.0,81,80,1,0.7612271422837731,2.9867450089830054,0.0,0.0,72,71,1,0.7546772405155124,2.8891068611249153,0.0,0.0,1
B05,2026-09-24,109,12,109,107,2,3.0408502272663793,13.355261306058464,3.039982720924229,0.056074766355140186,109,107,2,3.0408502272663793,13.355261306058464,3.039982720924229,0.056074766355140186,97,95,2,2.5830416529152007,8.488842677228503,3.039982720924229,0.031578947368421054,2
B05,2026-09-25,126,7,126,121,5,4.552760553421388,17.18412611967608,11.393717395167585,0.1322314049586777,126,121,5,4.552760553421388,17.18412611967608,11.393717395167585,0.1322314049586777,119,115,4,3.6496078587391425,13.831698986493235,11.393717395167585,0.08695652173913043,4
B05,2026-09-28,146,24,146,137,9,4.761244933361423,13.249269973833886,27.200692942374815,0.08029197080291971,146,137,9,4.761244933361423,13.249269973833886,27.200692942374815,0.08029197080291971,122,116,6,4.169004259310747,12.029905876167625,27.200692942374815,0.06896551724137931,6
B05,2026-09-29,109,24,109,104,5,6.6795935323438105,19.657543239648845,48.36428583396821,0.22115384615384615,109,104,5,6.6795935323438105,19.657543239648845,48.36428583396821,0.22115384615384615,85,82,3,3.870727971208046,11.774161310711001,48.36428583396821,0.0975609756097561,3
B05,2026-09-30,116,9,116,106,10,5.950391988620466,21.12134761014969,36.81451445142875,0.14150943396226415,116,106,10,5.950391988620466,21.12134761014969,36.81451445142875,0.14150943396226415,107,99,8,5.437500660295108,20.48295595933047,36.81451445142875,0.1111111111111111,8
