branch,date,pool,obs_wait,model_wait,obs_walk,model_walk,n
B01,2026-09-01,CASH,23.647666666666666,17.37568916308137,84.0,84.10912435422276,234
B01,2026-09-01,GENERAL,10.118700787401576,7.286957912602283,28.0,17.711673654623844,282
B01,2026-09-01,EXPERT,11.59035087719298,6.590405795182801,1.0,0.5479929029032881,20
B01,2026-09-02,CASH,9.904223744292237,7.304705489036299,8.0,13.335560360567964,154
B01,2026-09-02,GENERAL,4.792543859649123,6.081394725476496,8.0,12.552482835570467,236
B01,2026-09-02,EXPERT,11.92280701754386,11.274571009757489,4.0,1.4025977804539633,23
B01,2026-09-03,CASH,3.6838709677419357,3.5508689474816033,4.0,3.6852505628893777,128
B01,2026-09-03,GENERAL,4.039918699186992,4.280337607079065,0.0,7.189516343661069,205
B01,2026-09-03,EXPERT,1.3844444444444444,6.65249618686828,0.0,0.349585536999399,15
B01,2026-09-04,CASH,1.1250980392156864,1.5151243464705515,0.0,0.4249626500785076,85
B01,2026-09-04,GENERAL,1.2023809523809523,1.6413840593877276,1.0,0.6083102301511377,155
B01,2026-09-04,EXPERT,8.792156862745099,5.087421439696114,2.0,0.2277094257109049,19
B01,2026-09-05,CASH,0.5074561403508772,1.3744602013208538,0.0,0.3171104697318582,76
B01,2026-09-05,GENERAL,3.233974358974359,3.5863163932407733,6.0,4.917776830934432,188
B01,2026-09-05,EXPERT,17.31543209876543,19.375583396521076,7.0,5.748313852645361,34
B01,2026-09-07,CASH,10.469678714859437,11.902393802471497,32.0,44.03072567969261,198
B01,2026-09-07,GENERAL,6.4691823899371075,7.409648952695534,20.0,16.650773766579476,232
B01,2026-09-07,EXPERT,10.583333333333332,19.486033740776048,2.0,4.230890541351037,27
B01,2026-09-08,CASH,1.0812499999999998,1.5391080458964694,2.0,0.46949232893090953,90
B01,2026-09-08,GENERAL,1.8677156177156176,1.4072546231698815,0.0,0.372535602574465,143
B01,2026-09-08,EXPERT,10.694444444444445,9.049053872051163,8.0,0.9078021452827945,23
B01,2026-09-09,CASH,4.1006472491909385,2.1442779343996548,0.0,1.2394612094181388,103
B01,2026-09-09,GENERAL,0.9414868105515588,1.637748002015386,0.0,0.5828946071073952,139
B01,2026-09-09,EXPERT,12.923529411764704,12.84039490027122,5.0,1.7764964545481134,22
B01,2026-09-10,CASH,2.3786231884057973,2.275270165011997,3.0,1.9135843504992245,95
B01,2026-09-10,GENERAL,2.2104519774011298,2.3490403960652544,1.0,1.2129701479157793,178
B01,2026-09-10,EXPERT,8.146825396825397,10.91417876178456,2.0,2.345020307896285,23
B01,2026-09-11,CASH,8.002898550724638,6.50431712141417,7.0,12.52305660499731,168
B01,2026-09-11,GENERAL,8.791041666666667,9.247496735388099,24.0,21.73103804963137,184
B01,2026-09-11,EXPERT,8.453030303030301,10.371522926816182,0.0,1.4280071420628697,22
B01,2026-09-15,CASH,1.6509174311926604,2.210248293678999,3.0,0.6908544633853546,112
B01,2026-09-15,GENERAL,3.428211382113821,3.2624371843817346,2.0,2.740756660354801,207
B01,2026-09-15,EXPERT,9.288194444444445,6.721235250485262,0.0,0.587278479307422,24
B01,2026-09-16,CASH,3.9039007092198577,3.3579383168847485,2.0,4.283054958827212,96
B01,2026-09-16,GENERAL,0.7650127226463105,1.0616813915451409,0.0,0.2195946990839923,131
B01,2026-09-16,EXPERT,4.396296296296296,5.228955477419977,1.0,0.3018658948306982,19
B01,2026-09-17,CASH,0.881223628691983,1.1794416018307678,1.0,0.30162038886774056,80
B01,2026-09-17,GENERAL,2.438,2.6589932754476933,0.0,1.486979727740296,125
B01,2026-09-17,EXPERT,8.802777777777779,5.571703360055436,1.0,0.19385883159359654,13
B01,2026-09-18,CASH,0.5430693069306931,2.09103133128437,0.0,0.756893195474834,101
B01,2026-09-18,GENERAL,1.6365139949109415,1.2812932066901068,2.0,0.40568340996564356,133
B01,2026-09-18,EXPERT,18.604444444444443,11.036048207976904,7.0,1.14897894316302,22
B01,2026-09-19,CASH,3.620796460176991,3.6872882604700448,3.0,4.198021360131686,116
B01,2026-09-19,GENERAL,3.2730113636363636,2.327461362396863,1.0,1.485455107461726,177
B01,2026-09-19,EXPERT,8.746825396825397,12.971402705051776,2.0,2.0350933343777884,23
B01,2026-09-21,CASH,8.799999999999999,6.81162788450498,13.0,8.6951164364423,104
B01,2026-09-21,GENERAL,3.2129268292682926,3.9718474868138234,8.0,4.42821974301769,213
B01,2026-09-21,EXPERT,18.210317460317462,23.190225286879876,4.0,6.954643818403454,25
B01,2026-09-22,CASH,9.946666666666667,6.390502991252518,11.0,6.530588143768967,91
B01,2026-09-22,GENERAL,0.8964516129032257,1.9456969532143478,0.0,1.1624106408916697,155
B01,2026-09-22,EXPERT,3.7653846153846158,5.00010120095265,1.0,0.2163038398584127,14
B01,2026-09-23,CASH,0.6566666666666666,1.104961076923143,0.0,0.13181847590993886,85
B01,2026-09-23,GENERAL,0.5552222222222222,1.6114902476019726,1.0,0.8340127891745227,151
B01,2026-09-23,EXPERT,10.707291666666666,10.658371034897181,3.0,1.1502897653418818,19
B01,2026-09-24,CASH,0.8339430894308942,1.2957113155019544,0.0,0.13608218644931808,82
B01,2026-09-24,GENERAL,1.1074626865671642,0.9874381588088459,1.0,0.1231163754023116,135
B01,2026-09-24,EXPERT,8.53974358974359,3.4860746294027116,0.0,0.043290300563583656,13
B01,2026-09-25,CASH,6.045042194092827,5.447311915653222,9.0,9.274233876902462,167
B01,2026-09-25,GENERAL,1.286875,2.01561994089219,0.0,1.506804139425433,160
B01,2026-09-25,EXPERT,15.407971014492754,13.948652352921016,2.0,3.272793277197102,25
B01,2026-09-28,CASH,10.543444444444445,6.3465406810469895,12.0,10.313359206049178,162
B01,2026-09-28,GENERAL,4.608374384236453,4.62224356430779,8.0,6.643474396272921,211
B01,2026-09-28,EXPERT,11.192708333333332,9.819955245566831,6.0,1.005525367686936,22
B01,2026-09-29,CASH,8.635964912280702,7.4854530924951375,7.0,7.969964662894006,102
B01,2026-09-29,GENERAL,0.9783105022831051,1.6650574271785379,0.0,0.7701486845307824,146
B01,2026-09-29,EXPERT,20.847727272727273,7.968625882889851,3.0,0.871904310878461,25
B01,2026-09-30,CASH,1.2064625850340136,1.739926011155124,0.0,0.5059697054741131,98
B01,2026-09-30,GENERAL,0.8203333333333334,1.7262279359099335,0.0,1.1792958834518104,150
B01,2026-09-30,EXPERT,6.796153846153846,5.726722908573153,1.0,0.2645275361971905,14
B02,2026-09-01,CASH,2.869718309859155,4.924694663884597,0.0,2.8325437971138423,71
B02,2026-09-01,GENERAL,3.6094405594405594,5.334146665477965,6.0,10.054721028278406,149
B02,2026-09-01,EXPERT,6.109313725490196,7.088954597472594,3.0,1.1229418980117551,37
B02,2026-09-02,CASH,1.9512820512820512,1.9701049321922264,1.0,0.3113370521882678,53
B02,2026-09-02,GENERAL,1.6954427083333332,2.0749461696916316,0.0,0.6789320428562466,128
B02,2026-09-02,EXPERT,4.471621621621622,9.415656426240504,2.0,1.6891460908795908,39
B02,2026-09-03,CASH,3.0179894179894178,3.5452566771797698,1.0,1.769982007986576,64
B02,2026-09-03,GENERAL,9.520289855072463,11.623296842668818,15.0,18.633337993945016,130
B02,2026-09-03,EXPERT,25.88030303030303,33.8192698656512,17.0,14.985392896363415,39
B02,2026-09-04,CASH,0.8778787878787878,1.7420964343574314,1.0,0.1678712208184951,56
B02,2026-09-04,GENERAL,8.192456140350878,6.686951597796271,13.0,6.664153383950033,108
B02,2026-09-04,EXPERT,11.69848484848485,4.281841676978386,0.0,0.2451007437037017,33
B02,2026-09-05,CASH,1.5317708333333333,2.410252868546258,1.0,0.5337058396527284,65
B02,2026-09-05,GENERAL,4.285076252723312,6.235677156655152,5.0,8.516445184126356,158
B02,2026-09-05,EXPERT,13.198979591836734,13.062136285620081,7.0,5.398372168209471,56
B02,2026-09-07,CASH,6.588675213675213,5.168266304550192,5.0,3.3459122781128783,83
B02,2026-09-07,GENERAL,3.8264775413711583,3.2526512750467926,5.0,2.7727651787766416,146
B02,2026-09-07,EXPERT,7.36421568627451,8.257455250820232,2.0,1.4772218803974004,36
B02,2026-09-08,CASH,1.8129032258064517,2.4317333699834736,0.0,0.5007772578145557,62
B02,2026-09-08,GENERAL,1.2533018867924528,2.4980333137827513,0.0,1.4307026089205628,106
B02,2026-09-08,EXPERT,9.112280701754386,9.73675295790055,6.0,2.5414401826705904,44
B02,2026-09-09,CASH,3.294918699186992,2.7694601506638072,3.0,0.7672738247534981,85
B02,2026-09-09,GENERAL,0.8508503401360545,1.5764218935481817,0.0,0.39716056977557523,98
B02,2026-09-09,EXPERT,13.674999999999999,7.2411413394689115,2.0,0.9939049449062392,34
B02,2026-09-10,CASH,2.00906432748538,2.116021752274714,1.0,0.30395858305095497,58
B02,2026-09-10,GENERAL,3.0556944444444443,2.7192430146956643,2.0,1.1944535968973953,122
B02,2026-09-10,EXPERT,2.5126262626262625,2.688188832402854,0.0,0.08410398374423832,33
B02,2026-09-11,CASH,10.466956521739132,11.92272542818339,17.0,24.119608358922495,132
B02,2026-09-11,GENERAL,3.852479338842975,3.2539548959612676,6.0,2.6757807503583293,127
B02,2026-09-11,EXPERT,10.586507936507937,9.93953693184744,4.0,3.5707948146896222,46
B02,2026-09-15,CASH,2.544722222222222,1.922715731226183,1.0,0.22042636886673247,61
B02,2026-09-15,GENERAL,16.758256880733942,16.706029558175484,45.0,38.83879379285336,154
B02,2026-09-15,EXPERT,9.143333333333334,8.630310836382362,3.0,1.5425143376618766,43
B02,2026-09-16,CASH,3.965873015873016,6.103063562382521,6.0,3.865929009551952,48
B02,2026-09-16,GENERAL,6.06996336996337,5.302684069163664,6.0,6.508381289771165,97
B02,2026-09-16,EXPERT,0.7901515151515152,2.581449498214697,1.0,0.04512478637050197,23
B02,2026-09-17,CASH,0.0310077519379845,1.5230057752067858,0.0,0.1529641499871932,43
B02,2026-09-17,GENERAL,0.6264367816091954,1.5681252339099279,0.0,0.3640969993357847,87
B02,2026-09-17,EXPERT,1.5371212121212119,2.7341981470069996,0.0,0.06793873887515978,22
B02,2026-09-18,CASH,0.7738095238095238,1.4090680600255505,0.0,0.10243861962308107,42
B02,2026-09-18,GENERAL,3.1889322916666667,3.154748268227039,5.0,2.3409583344957845,133
B02,2026-09-18,EXPERT,4.951724137931034,3.9540821864018683,2.0,0.17912205840903006,31
B02,2026-09-19,CASH,1.0084795321637428,2.219756625476789,0.0,0.45710880258684594,57
B02,2026-09-19,GENERAL,5.5273536895674305,4.418061598187166,9.0,5.782493857451267,140
B02,2026-09-19,EXPERT,7.429385964912281,10.748462048628854,2.0,3.769180082072514,40
B02,2026-09-21,CASH,4.197619047619048,3.7332698714134165,2.0,1.7838599405920594,65
B02,2026-09-21,GENERAL,4.873242630385487,6.073126731422903,10.0,10.734513768500367,157
B02,2026-09-21,EXPERT,6.765116279069767,7.167796163708679,3.0,1.134422659566104,46
B02,2026-09-22,CASH,1.1525,1.1914877270983941,0.0,0.06990205778136792,40
B02,2026-09-22,GENERAL,1.302212389380531,1.8014082519479178,1.0,0.38539084236781046,114
B02,2026-09-22,EXPERT,6.828333333333333,7.7246946244877535,3.0,2.1624217434058255,43
B02,2026-09-23,CASH,1.0,2.4981728463701693,0.0,0.5415964326893802,68
B02,2026-09-23,GENERAL,16.250314465408806,14.978173248150958,37.0,31.192661510907516,143
B02,2026-09-23,EXPERT,15.00691056910569,12.510233281063853,5.0,4.356696348531714,46
B02,2026-09-24,CASH,1.4619444444444445,2.0089625299068095,1.0,0.2542233298520527,61
B02,2026-09-24,GENERAL,2.2618666666666667,3.037195642561011,4.0,2.527326007595923,129
B02,2026-09-24,EXPERT,5.802083333333333,6.148016867845494,1.0,0.6139350154745178,33
B02,2026-09-25,CASH,26.392,18.618806068749922,35.0,30.23804786397428,85
B02,2026-09-25,GENERAL,2.527941176470588,3.4710523232812296,1.0,2.9246643913188177,137
B02,2026-09-25,EXPERT,2.0857142857142854,6.329537705520525,1.0,0.5129848187583665,22
B02,2026-09-28,CASH,2.779279279279279,4.382601457437175,2.0,2.8746327480775773,76
B02,2026-09-28,GENERAL,7.4798013245033115,8.824059813566446,15.0,17.313985888887096,166
B02,2026-09-28,EXPERT,12.89861111111111,4.150346133186303,4.0,0.39909200280441254,40
B02,2026-09-29,CASH,1.50177304964539,1.5425339092038222,0.0,0.12132015971673164,47
B02,2026-09-29,GENERAL,1.3552552552552553,1.8492388083547804,0.0,0.7090125154544336,111
B02,2026-09-29,EXPERT,11.202845528455285,13.25321052270797,4.0,3.824324722652154,45
B02,2026-09-30,CASH,1.2476851851851851,1.0977273291950287,0.0,0.07252236038794922,36
B02,2026-09-30,GENERAL,2.807107843137255,2.5643730452831432,2.0,1.2333399360238941,70
B02,2026-09-30,EXPERT,4.167901234567901,3.9637640174256745,1.0,0.2317221715841171,28
B03,2026-09-01,CASH,22.73705882352941,13.554760884512842,42.0,30.461777001066118,127
B03,2026-09-01,GENERAL,23.58429487179487,12.980047271929452,65.0,39.02164944144185,221
B03,2026-09-01,EXPERT,22.505,16.376507011650826,4.0,4.488554225720185,24
B03,2026-09-02,CASH,14.27235294117647,10.523330555052889,17.0,16.434614428331624,102
B03,2026-09-02,GENERAL,20.21567901234568,16.56899237702284,56.0,53.40740688841497,191
B03,2026-09-02,EXPERT,13.058333333333334,7.052860813986304,2.0,0.5311370569363055,16
B03,2026-09-03,CASH,5.555847953216374,4.129035897630014,3.0,4.6663742755155875,117
B03,2026-09-03,GENERAL,7.234431137724552,7.174803445867107,10.0,11.425289494191702,177
B03,2026-09-03,EXPERT,9.023188405797102,11.08341276850066,0.0,1.3275288609353446,23
B03,2026-09-04,CASH,2.9953252032520328,1.1300348160240463,0.0,0.13069594273967267,82
B03,2026-09-04,GENERAL,2.7260714285714283,4.238328129893532,2.0,4.904953539280831,142
B03,2026-09-04,EXPERT,5.4275,9.67610212770635,2.0,1.2233760544697816,22
B03,2026-09-05,CASH,7.253219696969697,4.517731263064034,6.0,3.4463460913109603,94
B03,2026-09-05,GENERAL,16.918992248062015,15.069220209196573,35.0,37.748536736512506,164
B03,2026-09-05,EXPERT,11.04313725490196,12.705900025622109,5.0,2.507841105086164,22
B03,2026-09-07,CASH,3.254742547425474,3.8552765493928645,3.0,6.132195580070883,126
B03,2026-09-07,GENERAL,10.675366876310271,6.725939117468265,18.0,11.3746804787811,177
B03,2026-09-07,EXPERT,26.565909090909088,18.176115015669,9.0,5.205880568637443,31
B03,2026-09-08,CASH,2.7327327327327327,2.7188420978485355,1.0,2.0134612598560895,112
B03,2026-09-08,GENERAL,1.7331804281345564,3.243716748465688,0.0,2.9193987478589176,109
B03,2026-09-08,EXPERT,14.798,22.714898523733222,10.0,8.060396919040901,35
B03,2026-09-09,CASH,0.9333333333333333,1.6055001539764224,0.0,0.26851561781358874,102
B03,2026-09-09,GENERAL,2.6030812324929973,3.5309136454489582,1.0,2.976756237088755,120
B03,2026-09-09,EXPERT,16.13859649122807,13.28724091663532,2.0,2.037018667088985,21
B03,2026-09-10,CASH,1.1684126984126983,2.1616787017798003,0.0,1.149359417737152,105
B03,2026-09-10,GENERAL,2.60748031496063,3.045586052406728,2.0,2.5898946418106714,129
B03,2026-09-10,EXPERT,4.162280701754386,7.17916521507683,1.0,0.554013787574238,20
B03,2026-09-11,CASH,6.1953125,4.227210362681513,6.0,8.25090437645053,134
B03,2026-09-11,GENERAL,2.257051282051282,2.6530621479300054,1.0,1.5344408307005155,131
B03,2026-09-11,EXPERT,5.822222222222222,5.674645786839616,2.0,0.2976159379988295,17
B03,2026-09-15,CASH,2.6815972222222224,2.2764118951715875,1.0,1.096917334542102,97
B03,2026-09-15,GENERAL,7.8760162601626025,6.5156405035826825,17.0,12.007470586960544,181
B03,2026-09-15,EXPERT,32.225,32.848200087401175,15.0,16.842341490627643,45
B03,2026-09-16,CASH,0.7072222222222222,1.2618460699272276,0.0,0.16007035176035883,90
B03,2026-09-16,GENERAL,3.382720588235294,3.8724883624049196,3.0,3.983577698130262,139
B03,2026-09-16,EXPERT,8.24705882352941,7.400177736618937,3.0,0.5969685659089999,20
B03,2026-09-17,CASH,0.5875502008032129,1.6245370801003491,1.0,0.5575578088583312,84
B03,2026-09-17,GENERAL,7.0927845528455284,8.482853217863749,16.0,18.508546653779725,180
B03,2026-09-17,EXPERT,8.388636363636364,13.302230372109392,3.0,2.6289348917659194,25
B03,2026-09-18,CASH,0.7356060606060606,0.7717111917095234,0.0,0.07256792666484166,66
B03,2026-09-18,GENERAL,1.731446540880503,1.6756421323188113,0.0,0.7519085529507485,106
B03,2026-09-18,EXPERT,10.604166666666666,5.662266748739572,3.0,0.5101602531768769,19
B03,2026-09-19,CASH,0.7582125603864733,1.573733960655068,0.0,0.358472131178265,69
B03,2026-09-19,GENERAL,2.7869333333333333,2.1939202779147164,2.0,0.8297571673347636,127
B03,2026-09-19,EXPERT,6.52280701754386,6.705352796305335,2.0,0.555359559901573,21
B03,2026-09-21,CASH,1.6144444444444443,1.592933505278882,2.0,0.36650681216385395,77
B03,2026-09-21,GENERAL,9.416561844863732,7.059742527128834,16.0,10.0414839016458,175
B03,2026-09-21,EXPERT,19.94679487179487,16.738412840022367,4.0,4.566827753160305,30
B03,2026-09-22,CASH,5.118143459915611,5.005488816108308,4.0,3.5658219071023622,83
B03,2026-09-22,GENERAL,9.184403669724771,10.46072836828323,23.0,17.215204616353553,132
B03,2026-09-22,EXPERT,3.8397435897435894,4.507954159973337,0.0,0.12540262533489765,13
B03,2026-09-23,CASH,0.6872294372294372,2.197752855473146,0.0,1.8609114159038422,77
B03,2026-09-23,GENERAL,1.6294202898550725,2.3997846333145914,2.0,1.8590772413954106,117
B03,2026-09-23,EXPERT,12.252564102564103,10.26845001779642,3.0,1.1353665886065756,16
B03,2026-09-24,CASH,0.898689138576779,1.270255759352688,0.0,0.14916747928176413,89
B03,2026-09-24,GENERAL,6.149295774647888,2.626823738743553,6.0,1.6777827990626912,148
B03,2026-09-24,EXPERT,1.9958333333333331,7.876654818515398,0.0,0.6777379474958265,20
B03,2026-09-25,CASH,3.156720430107527,3.104725866001183,0.0,3.412978043876966,124
B03,2026-09-25,GENERAL,3.066,4.881864336093706,7.0,6.6555398600002444,157
B03,2026-09-25,EXPERT,19.40530303030303,24.86545191912785,7.0,8.555057483339404,29
B03,2026-09-28,CASH,3.495068027210884,2.904569256700275,5.0,2.272779214854832,103
B03,2026-09-28,GENERAL,19.8027027027027,19.739420545298202,43.0,63.26917932219656,191
B03,2026-09-28,EXPERT,11.55530303030303,14.504892840501379,5.0,3.0947853839744246,27
B03,2026-09-29,CASH,1.232312925170068,2.342653241243827,1.0,1.6444880486047575,99
B03,2026-09-29,GENERAL,10.902325581395347,13.558206945405107,24.0,32.15436857703354,153
B03,2026-09-29,EXPERT,11.437962962962963,7.907862087259549,1.0,0.7291014875698256,19
B03,2026-09-30,CASH,0.9792929292929294,2.374937631933085,1.0,0.41607375878103375,67
B03,2026-09-30,GENERAL,6.802180685358255,7.177272170903698,7.0,8.314677468563739,114
B03,2026-09-30,EXPERT,9.63030303030303,4.792131667067847,0.0,0.12442444094080196,11
B04,2026-09-01,CASH,17.707121212121212,16.206885964940938,35.0,46.7585851390859,145
B04,2026-09-01,GENERAL,27.42510822510822,24.061283152258326,54.0,57.095769383661036,131
B04,2026-09-01,EXPERT,27.717857142857145,25.26366064636407,9.0,6.750826520061369,23
B04,2026-09-02,CASH,7.324999999999999,3.9050143435086584,8.0,1.605643461092775,80
B04,2026-09-02,GENERAL,9.460701754385966,3.8984422004607455,9.0,2.8775541589878917,104
B04,2026-09-02,EXPERT,7.891666666666666,4.24231234150705,1.0,0.15977782788208153,19
B04,2026-09-03,CASH,4.262280701754386,5.4386176213050375,4.0,3.472449784136935,80
B04,2026-09-03,GENERAL,1.6465201465201467,3.6337851677820776,2.0,2.5013457710000897,93
B04,2026-09-03,EXPERT,8.778431372549019,11.777651068388849,3.0,1.6873742713430695,20
B04,2026-09-04,CASH,5.952347417840376,3.9364749799742773,9.0,2.285292209954669,80
B04,2026-09-04,GENERAL,2.9561965811965814,2.2444468014780465,2.0,0.4649848923074741,80
B04,2026-09-04,EXPERT,7.766666666666667,5.04052276488324,2.0,0.1749656751874358,16
B04,2026-09-05,CASH,19.167195767195768,21.481132057652264,30.0,37.53658337491125,93
B04,2026-09-05,GENERAL,2.5073863636363636,2.0424994892530446,0.0,0.34214697383435677,88
B04,2026-09-05,EXPERT,15.25294117647059,13.178399425797696,4.0,1.8531837720703128,21
B04,2026-09-07,CASH,12.42125382262997,11.448627421500342,13.0,19.063917159287605,122
B04,2026-09-07,GENERAL,9.260324483775811,7.306482943627796,7.0,8.685119680352935,120
B04,2026-09-07,EXPERT,15.589999999999998,15.26462354317812,5.0,3.98012288810132,25
B04,2026-09-08,CASH,2.3059210526315788,3.875200403817641,3.0,1.6958226445026312,79
B04,2026-09-08,GENERAL,7.243027210884353,5.188857900022887,3.0,3.8378771291386546,101
B04,2026-09-08,EXPERT,7.058333333333334,6.045662647244066,1.0,0.3680336879039607,19
B04,2026-09-09,CASH,3.1420289855072467,3.0075276130186372,2.0,0.8751733200595684,71
B04,2026-09-09,GENERAL,1.3592592592592594,1.6036906732470821,1.0,0.17072592787672228,73
B04,2026-09-09,EXPERT,7.318939393939393,11.623765638503126,2.0,1.836947936896761,24
B04,2026-09-10,CASH,8.682065217391305,7.20305458616165,7.0,8.038367621321733,99
B04,2026-09-10,GENERAL,4.879787234042553,3.187642469948046,4.0,1.2553793071776491,98
B04,2026-09-10,EXPERT,10.015555555555556,11.434421805701525,3.0,1.0916834341077872,18
B04,2026-09-11,CASH,9.727627627627628,11.587043458946328,13.0,20.667311821667248,124
B04,2026-09-11,GENERAL,2.3965986394557826,3.195980694198288,3.0,1.7419287438173885,101
B04,2026-09-11,EXPERT,12.805833333333334,11.326754587268,0.0,1.1744414082737038,20
B04,2026-09-15,CASH,9.060674157303371,6.834515168035771,11.0,7.190147962492642,100
B04,2026-09-15,GENERAL,17.21764705882353,17.7688001417904,25.0,26.013366532581056,93
B04,2026-09-15,EXPERT,17.90277777777778,26.744729764164106,10.0,10.17206009994691,34
B04,2026-09-16,CASH,4.219761904761905,2.703985833933825,3.0,0.7696528717654206,73
B04,2026-09-16,GENERAL,1.6862612612612613,1.1632579353349983,0.0,0.10788478111594507,74
B04,2026-09-16,EXPERT,14.21764705882353,12.184609976172219,4.0,1.381248730519537,21
B04,2026-09-17,CASH,3.085028248587571,3.0756183796469507,1.0,1.1587613618200738,60
B04,2026-09-17,GENERAL,1.4095555555555557,2.876937478835594,0.0,0.9806447779461962,75
B04,2026-09-17,EXPERT,5.4903508771929825,9.586500744452701,2.0,1.1862376588802508,21
B04,2026-09-18,CASH,3.412785388127854,3.583893762740134,2.0,1.954261150462309,75
B04,2026-09-18,GENERAL,2.138333333333333,2.2276799912399676,0.0,0.39164732508273187,90
B04,2026-09-18,EXPERT,17.65357142857143,16.42930125642634,2.0,2.0992954470963023,16
B04,2026-09-19,CASH,3.257638888888889,6.112929868642151,4.0,5.877924748915263,76
B04,2026-09-19,GENERAL,1.7849593495934961,2.4785595683204145,0.0,0.7698403962133173,82
B04,2026-09-19,EXPERT,11.86470588235294,10.107313487443134,5.0,1.1464369949017157,22
B04,2026-09-21,CASH,9.983676975945016,10.244558062845954,13.0,16.927851183320627,110
B04,2026-09-21,GENERAL,19.865229885057474,13.467176686505598,45.0,34.21724792531634,161
B04,2026-09-21,EXPERT,10.030434782608696,8.161586065271264,1.0,0.7529670384126962,24
B04,2026-09-22,CASH,6.526666666666666,5.986215957608634,15.0,5.547194985797536,85
B04,2026-09-22,GENERAL,5.72906976744186,3.3747458991131203,7.0,1.839466670501025,93
B04,2026-09-22,EXPERT,14.474166666666665,30.15415128004117,17.0,12.180421629446185,37
B04,2026-09-23,CASH,2.5745238095238094,3.2929526989445375,0.0,1.3372328078622124,70
B04,2026-09-23,GENERAL,1.3054112554112554,1.5364075790805836,0.0,0.16828046811646646,77
B04,2026-09-23,EXPERT,18.306349206349207,15.595461148772939,7.0,3.0810933560893377,28
B04,2026-09-24,CASH,2.2155172413793105,2.4238391390949054,0.0,0.6332499062341401,58
B04,2026-09-24,GENERAL,2.757312925170068,3.198289682362354,3.0,1.4620103681882552,101
B04,2026-09-24,EXPERT,20.73266666666667,25.54868569641443,8.0,10.106414275256407,33
B04,2026-09-25,CASH,9.414227642276423,5.485065555635553,10.0,6.5766449060944305,92
B04,2026-09-25,GENERAL,1.998148148148148,3.149379558116445,2.0,1.702908082962089,101
B04,2026-09-25,EXPERT,10.43421052631579,8.637777119334343,2.0,0.9635041684390308,21
B04,2026-09-28,CASH,4.0021097046413505,5.397214954132082,7.0,4.706987696363073,86
B04,2026-09-28,GENERAL,11.494333333333334,4.509571352322657,13.0,3.5680429406768024,113
B04,2026-09-28,EXPERT,23.355555555555554,27.718818065102333,12.0,10.814685120345748,36
B04,2026-09-29,CASH,2.4674019607843136,3.157402680647117,0.0,1.2156132272995808,68
B04,2026-09-29,GENERAL,4.564176245210728,3.2202469584401547,7.0,1.531055878577682,94
B04,2026-09-29,EXPERT,9.728787878787877,14.149119311781144,6.0,3.6876538625523736,28
B04,2026-09-30,CASH,5.804008438818565,4.6287487315462466,3.0,2.959413463724834,82
B04,2026-09-30,GENERAL,8.546198830409356,7.499335351365325,8.0,6.045679908634499,65
B04,2026-09-30,EXPERT,15.746969696969698,7.447566955211269,2.0,0.5289211866480327,13
B05,2026-09-01,CASH,5.958608058608059,6.402177421721618,5.0,5.462563834717429,96
B05,2026-09-01,GENERAL,7.725,9.209622011826168,2.0,7.297624536094031,66
B05,2026-09-01,EXPERT,1.445833333333333,6.786422135242439,0.0,0.2861642271523918,12
B05,2026-09-02,CASH,2.8115942028985508,3.7216573778670776,1.0,1.921742629706744,70
B05,2026-09-02,GENERAL,3.4809090909090905,3.93219998527175,2.0,1.395984666078786,57
B05,2026-09-02,EXPERT,11.563333333333333,13.308267955756284,0.0,1.3740718538821186,15
B05,2026-09-03,CASH,0.5956140350877193,1.3802559056946258,1.0,0.08747654320894675,39
B05,2026-09-03,GENERAL,3.4909420289855073,5.736952762082544,0.0,2.106430623751017,46
B05,2026-09-03,EXPERT,0.0,3.588750611986271,0.0,0.03486719365112697,9
B05,2026-09-04,CASH,3.3473856209150328,2.9145381336778353,2.0,0.6374725907690436,53
B05,2026-09-04,GENERAL,9.673015873015872,6.16164350202747,3.0,2.873945228099537,45
B05,2026-09-04,EXPERT,15.099242424242425,13.192259980250272,1.0,2.3921080698640282,23
B05,2026-09-05,CASH,0.7401960784313726,1.558371530427771,0.0,0.13609493704281192,51
B05,2026-09-05,GENERAL,4.351333333333333,5.335321010580144,1.0,1.8793529940577232,51
B05,2026-09-05,EXPERT,7.733333333333333,5.904709433699101,0.0,0.2980276947389818,13
B05,2026-09-07,CASH,4.858333333333333,4.083205622328969,6.0,2.572953224951341,76
B05,2026-09-07,GENERAL,9.509183673469387,6.455939765398867,7.0,3.1836499758039905,56
B05,2026-09-07,EXPERT,9.957971014492754,13.38192722314073,3.0,2.2773865240252125,26
B05,2026-09-08,CASH,21.474418604651163,14.357241498744438,13.0,16.846423263997217,56
B05,2026-09-08,GENERAL,4.764150943396227,6.5254786407258525,3.0,4.314105642404992,56
B05,2026-09-08,EXPERT,11.175925925925926,6.0618965368216875,0.0,0.2623809944029088,18
B05,2026-09-09,CASH,1.099537037037037,1.1295087213840516,0.0,0.05467590317469343,36
B05,2026-09-09,GENERAL,7.2476744186046504,4.191322123046552,3.0,1.2239304774100983,46
B05,2026-09-09,EXPERT,5.12962962962963,8.046942411818602,2.0,0.4124784113605542,11
B05,2026-09-10,CASH,0.9312121212121213,1.9055800387140527,0.0,0.21323667263965249,55
B05,2026-09-10,GENERAL,9.784057971014493,4.576009336207048,7.0,1.9429982209435488,53
B05,2026-09-10,EXPERT,4.281944444444444,7.524724581209494,3.0,0.8205569907698281,15
B05,2026-09-11,CASH,6.136054421768708,6.448520907168052,7.0,7.8339817611524785,105
B05,2026-09-11,GENERAL,5.061944444444444,5.915203472721252,5.0,3.0791037377996187,65
B05,2026-09-11,EXPERT,12.509166666666665,10.183064057846893,1.0,1.0440461225882347,21
B05,2026-09-15,CASH,2.557909604519774,1.9357965330750486,1.0,0.22829841245998966,60
B05,2026-09-15,GENERAL,7.883333333333334,4.798283293552402,4.0,1.711772860109525,49
B05,2026-09-15,EXPERT,3.4833333333333334,5.151607461162827,0.0,0.1974873777384868,13
B05,2026-09-16,CASH,0.1597701149425287,0.6386311857619642,0.0,0.01787097408378691,29
B05,2026-09-16,GENERAL,3.8677083333333333,4.932701407332211,0.0,1.8147704635588113,48
B05,2026-09-16,EXPERT,1.8703703703703707,4.396042312291651,0.0,0.09508731195809043,9
B05,2026-09-17,CASH,2.980769230769231,3.1379818035697262,1.0,0.7993650534596668,66
B05,2026-09-17,GENERAL,14.975438596491227,11.055834128892519,10.0,9.452220203877415,67
B05,2026-09-17,EXPERT,4.438333333333334,3.7523247399049033,2.0,0.05112802630061234,12
B05,2026-09-18,CASH,1.542361111111111,1.675235611193564,0.0,0.17654998358907206,48
B05,2026-09-18,GENERAL,8.295486111111112,6.453643559685004,3.0,3.803376938599971,51
B05,2026-09-18,EXPERT,4.123809523809524,6.178326983358835,1.0,0.3297832886340148,15
B05,2026-09-19,CASH,0.9706349206349206,1.8557935363119542,0.0,0.28347168284771473,42
B05,2026-09-19,GENERAL,10.868717948717949,9.58168905647863,4.0,7.71436819280543,69
B05,2026-09-19,EXPERT,1.3816666666666666,4.108789488924938,0.0,0.05113707675940764,10
B05,2026-09-21,CASH,3.5672839506172838,2.645670822586781,1.0,0.6713550375198467,55
B05,2026-09-21,GENERAL,14.131730769230767,10.072739506558902,16.0,8.376584050984599,68
B05,2026-09-21,EXPERT,1.9666666666666663,8.232559116661172,3.0,0.5851997142564226,16
B05,2026-09-22,CASH,0.8928571428571429,1.4551344792995695,1.0,0.11306541955556829,43
B05,2026-09-22,GENERAL,4.810283687943262,4.3450551318312245,3.0,1.7569636806543172,50
B05,2026-09-22,EXPERT,19.119999999999997,7.501320211359,1.0,0.25685890265695543,6
B05,2026-09-23,CASH,0.19838709677419356,1.001851312338613,0.0,0.04177396741216443,31
B05,2026-09-23,GENERAL,1.347863247863248,4.322610878250871,1.0,1.2320444995439839,40
B05,2026-09-23,EXPERT,0.275,3.867078293270019,0.0,0.04429111490209259,10
B05,2026-09-24,CASH,2.062578616352201,1.8521815840132203,1.0,0.2027318831814984,54
B05,2026-09-24,GENERAL,4.848148148148148,2.751762799976962,1.0,0.6591219114874922,46
B05,2026-09-24,EXPERT,0.0,4.878508068377808,0.0,0.16304951972613932,9
B05,2026-09-25,CASH,0.2793010752688172,2.52880774546836,0.0,0.4991383293025242,62
B05,2026-09-25,GENERAL,8.270666666666665,6.4252397493813715,4.0,2.7514875089827626,54
B05,2026-09-25,EXPERT,13.257407407407406,6.535175570776986,1.0,0.26098059908496074,10
B05,2026-09-28,CASH,3.2093939393939395,1.7800480111195587,2.0,0.18116838615776262,57
B05,2026-09-28,GENERAL,4.956862745098039,8.069275136214758,4.0,5.797475241933587,72
B05,2026-09-28,EXPERT,9.257142857142856,6.919805989533885,3.0,0.3476574285852058,17
B05,2026-09-29,CASH,0.6263157894736843,1.008926448249215,0.0,0.059854731661709286,38
B05,2026-09-29,GENERAL,9.501436781609197,6.303609523712156,4.0,3.846366873362856,62
B05,2026-09-29,EXPERT,15.160416666666666,3.4054244236682365,1.0,0.0740264070432551,9
B05,2026-09-30,CASH,0.9876984126984127,1.3609354760829502,0.0,0.11652510931415615,42
B05,2026-09-30,GENERAL,5.527551020408164,5.430039454738094,5.0,2.5350505897071813,54
B05,2026-09-30,EXPERT,21.26111111111111,12.162764519546544,5.0,1.473859973087315,20
