date,reason
2025-04-01,Annual closing of accounts
2025-04-06,Sunday
2025-04-10,Mahavir Jayanti
2025-04-12,2nd/4th Saturday
2025-04-13,Sunday
2025-04-14,Dr. Ambedkar Jayanti
2025-04-18,Good Friday
2025-04-20,Sunday
2025-04-26,2nd/4th Saturday
2025-04-27,Sunday
2025-04-30,Basava Jayanti
2025-05-01,May Day
2025-05-04,Sunday
2025-05-10,2nd/4th Saturday
2025-05-11,Sunday
2025-05-18,Sunday
2025-05-24,2nd/4th Saturday
2025-05-25,Sunday
2025-06-01,Sunday
2025-06-07,Bakrid
2025-06-08,Sunday
2025-06-14,2nd/4th Saturday
2025-06-15,Sunday
2025-06-22,Sunday
2025-06-28,2nd/4th Saturday
2025-06-29,Sunday
2025-07-06,Sunday
2025-07-12,2nd/4th Saturday
2025-07-13,Sunday
2025-07-20,Sunday
2025-07-26,2nd/4th Saturday
2025-07-27,Sunday
2025-08-03,Sunday
2025-08-08,Varamahalakshmi Vrata
2025-08-09,2nd/4th Saturday
2025-08-10,Sunday
2025-08-15,Independence Day
2025-08-17,Sunday
2025-08-23,2nd/4th Saturday
2025-08-24,Sunday
2025-08-27,Ganesh Chaturthi
2025-08-31,Sunday
2025-09-05,Id-e-Milad
2025-09-07,Sunday
2025-09-13,2nd/4th Saturday
2025-09-14,Sunday
2025-09-21,Sunday
2025-09-27,2nd/4th Saturday
2025-09-28,Sunday
2025-10-01,Maha Navami / Ayudha Puja
2025-10-02,Gandhi Jayanti / Vijayadashami
2025-10-05,Sunday
2025-10-07,Maharshi Valmiki Jayanti
2025-10-11,2nd/4th Saturday
2025-10-12,Sunday
2025-10-19,Sunday
2025-10-20,Naraka Chaturdashi
2025-10-22,Balipadyami (Deepavali)
2025-10-25,2nd/4th Saturday
2025-10-26,Sunday
2025-11-01,Kannada Rajyotsava
2025-11-02,Sunday
2025-11-08,Kanakadasa Jayanti
2025-11-09,Sunday
2025-11-16,Sunday
2025-11-22,2nd/4th Saturday
2025-11-23,Sunday
2025-11-30,Sunday
2025-12-07,Sunday
2025-12-13,2nd/4th Saturday
2025-12-14,Sunday
2025-12-21,Sunday
2025-12-25,Christmas
2025-12-27,2nd/4th Saturday
2025-12-28,Sunday
2026-01-04,Sunday
2026-01-10,2nd/4th Saturday
2026-01-11,Sunday
2026-01-15,Makara Sankranti
2026-01-18,Sunday
2026-01-24,2nd/4th Saturday
2026-01-25,Sunday
2026-01-26,Republic Day
2026-02-01,Sunday
2026-02-08,Sunday
2026-02-14,2nd/4th Saturday
2026-02-15,Sunday
2026-02-22,Sunday
2026-02-28,2nd/4th Saturday
2026-03-01,Sunday
2026-03-08,Sunday
2026-03-14,2nd/4th Saturday
2026-03-15,Sunday
2026-03-19,Ugadi
2026-03-20,Ramzan (Id-ul-Fitr)
2026-03-22,Sunday
2026-03-28,2nd/4th Saturday
2026-03-29,Sunday
2026-03-31,Mahavir Jayanti
2026-04-01,Annual closing of accounts
2026-04-03,Good Friday
2026-04-05,Sunday
2026-04-11,2nd/4th Saturday
2026-04-12,Sunday
2026-04-14,Dr. Ambedkar Jayanti
2026-04-19,Sunday
2026-04-25,2nd/4th Saturday
2026-04-26,Sunday
2026-05-01,May Day
2026-05-03,Sunday
2026-05-09,2nd/4th Saturday
2026-05-10,Sunday
2026-05-17,Sunday
2026-05-23,2nd/4th Saturday
2026-05-24,Sunday
2026-05-27,Bakrid
2026-05-31,Sunday
2026-06-07,Sunday
2026-06-13,2nd/4th Saturday
2026-06-14,Sunday
2026-06-21,Sunday
2026-06-26,Muharram
2026-06-27,2nd/4th Saturday
2026-06-28,Sunday
2026-07-05,Sunday
2026-07-11,2nd/4th Saturday
2026-07-12,Sunday
2026-07-19,Sunday
2026-07-25,2nd/4th Saturday
2026-07-26,Sunday
2026-08-02,Sunday
2026-08-08,2nd/4th Saturday
2026-08-09,Sunday
2026-08-15,Independence Day
2026-08-16,Sunday
2026-08-22,2nd/4th Saturday
2026-08-23,Sunday
2026-08-26,Id-e-Milad
2026-08-30,Sunday
2026-09-06,Sunday
2026-09-12,2nd/4th Saturday
2026-09-13,Sunday
2026-09-14,Ganesh Chaturthi
2026-09-20,Sunday
2026-09-26,2nd/4th Saturday
2026-09-27,Sunday
2026-10-02,Gandhi Jayanti
2026-10-04,Sunday
